Fri 3 Jul 13:53:12 IST 2020,001
Fri 3 Jul 13:53:13 IST 2020,002
Fri 3 Jul 13:53:14 IST 2020,003
Fri 3 Jul 13:53:15 IST 2020,004
Fri 3 Jul 13:53:16 IST 2020,005
Fri 3 Jul 13:53:17 IST 2020,006
Fri 3 Jul 13:53:18 IST 2020,007
Fri 3 Jul 13:53:19 IST 2020,008
Fri 3 Jul 13:53:20 IST 2020,009
Fri 3 Jul 13:53:21 IST 2020,010
Fri 3 Jul 13:53:22 IST 2020,011
Fri 3 Jul 13:53:23 IST 2020,012
Fri 3 Jul 13:53:24 IST 2020,013
Fri 3 Jul 13:53:25 IST 2020,014
Fri 3 Jul 13:53:26 IST 2020,015
Fri 3 Jul 13:53:27 IST 2020,016
Fri 3 Jul 13:53:28 IST 2020,017
Fri 3 Jul 13:53:29 IST 2020,018
Fri 3 Jul 13:53:30 IST 2020,019
Fri 3 Jul 13:53:31 IST 2020,020
Fri 3 Jul 13:53:32 IST 2020,021
Fri 3 Jul 13:53:33 IST 2020,022
Fri 3 Jul 13:53:35 IST 2020,023
Fri 3 Jul 13:53:36 IST 2020,024
Fri 3 Jul 13:53:37 IST 2020,025
Fri 3 Jul 13:53:38 IST 2020,026
Fri 3 Jul 13:53:39 IST 2020,027
Fri 3 Jul 13:53:40 IST 2020,028
Fri 3 Jul 13:53:41 IST 2020,029
Fri 3 Jul 13:53:42 IST 2020,030
Fri 3 Jul 13:53:43 IST 2020,031
Fri 3 Jul 13:53:44 IST 2020,032
Fri 3 Jul 13:53:45 IST 2020,033
Fri 3 Jul 13:53:46 IST 2020,034
Fri 3 Jul 13:53:47 IST 2020,035
Fri 3 Jul 13:53:48 IST 2020,036
Fri 3 Jul 13:53:49 IST 2020,037
Fri 3 Jul 13:53:50 IST 2020,038
Fri 3 Jul 13:53:51 IST 2020,039
Fri 3 Jul 13:53:52 IST 2020,040
Fri 3 Jul 13:53:53 IST 2020,041
Fri 3 Jul 13:53:54 IST 2020,042
Fri 3 Jul 13:53:55 IST 2020,043
Fri 3 Jul 13:53:56 IST 2020,044
Fri 3 Jul 13:53:57 IST 2020,045
Fri 3 Jul 13:53:58 IST 2020,046
Fri 3 Jul 13:53:59 IST 2020,047
Fri 3 Jul 13:54:00 IST 2020,048
Fri 3 Jul 13:54:01 IST 2020,049
Fri 3 Jul 13:54:02 IST 2020,050
Fri 3 Jul 13:54:03 IST 2020,051
Fri 3 Jul 13:54:04 IST 2020,052
Fri 3 Jul 13:54:05 IST 2020,053
Fri 3 Jul 13:54:06 IST 2020,054
Fri 3 Jul 13:54:07 IST 2020,055
Fri 3 Jul 13:54:08 IST 2020,056
Fri 3 Jul 13:54:09 IST 2020,057
Fri 3 Jul 13:54:10 IST 2020,058
Fri 3 Jul 13:54:11 IST 2020,059
Fri 3 Jul 13:54:12 IST 2020,060
Fri 3 Jul 13:54:13 IST 2020,061
Fri 3 Jul 13:54:14 IST 2020,062
Fri 3 Jul 13:54:15 IST 2020,063
Fri 3 Jul 13:54:16 IST 2020,064
Fri 3 Jul 13:54:17 IST 2020,065
Fri 3 Jul 13:54:18 IST 2020,066
Fri 3 Jul 13:54:19 IST 2020,067
Fri 3 Jul 13:54:20 IST 2020,068
Fri 3 Jul 13:54:21 IST 2020,069
Fri 3 Jul 13:54:22 IST 2020,070
Fri 3 Jul 13:54:23 IST 2020,071
Fri 3 Jul 13:54:24 IST 2020,072
Fri 3 Jul 13:54:25 IST 2020,073
Fri 3 Jul 13:54:26 IST 2020,074
Fri 3 Jul 13:54:27 IST 2020,075
Fri 3 Jul 13:54:28 IST 2020,076
Fri 3 Jul 13:54:29 IST 2020,077
Fri 3 Jul 13:54:30 IST 2020,078
Fri 3 Jul 13:54:31 IST 2020,079
Fri 3 Jul 13:54:32 IST 2020,080
Fri 3 Jul 13:54:33 IST 2020,081
Fri 3 Jul 13:54:34 IST 2020,082
Fri 3 Jul 13:54:35 IST 2020,083
Fri 3 Jul 13:54:36 IST 2020,084
Fri 3 Jul 13:54:37 IST 2020,085
Fri 3 Jul 13:54:38 IST 2020,086
Fri 3 Jul 13:54:39 IST 2020,087
Fri 3 Jul 13:54:40 IST 2020,088
Fri 3 Jul 13:54:41 IST 2020,089
Fri 3 Jul 13:54:42 IST 2020,090
Fri 3 Jul 13:54:43 IST 2020,091
Fri 3 Jul 13:54:44 IST 2020,092
Fri 3 Jul 13:54:45 IST 2020,093
Fri 3 Jul 13:54:46 IST 2020,094
Fri 3 Jul 13:54:47 IST 2020,095
Fri 3 Jul 13:54:48 IST 2020,096
Fri 3 Jul 13:54:49 IST 2020,097
Fri 3 Jul 13:54:50 IST 2020,098
Fri 3 Jul 13:54:51 IST 2020,099
Fri 3 Jul 13:54:52 IST 2020,100
